complaint_id,customer_name,phone,account_number,channel,complaint_text,category,severity,sentiment,status,created_at,sla_hours,resolution_time_hrs,sla_breached,agent_assigned,branch
RES-2026-10001,Isaac Butala,+915741175075,UBOI193349856,WhatsApp,Bank staff is extremely rude and unhelpful at the Andheri branch.,Branch Service,Medium,Angry,Resolved,2026-05-18 10:43,48,70.0,True,Brinda Muni,Kolhapur
RES-2026-10002,Kiaan Srinivasan,+919767250903,UBOI550455977,WhatsApp,My ATM card was swallowed by the machine and cash was debited but not dispensed.,ATM / Debit Card,Low,Frustrated,Resolved,2026-05-06 13:45,72,70.0,False,Anika Hora,Thane
RES-2026-10003,Avni Gill,06307229081,UBOI331191390,WhatsApp,My account was opened without my consent. Please investigate.,Account / KYC,High,Neutral,Open,2026-04-11 20:21,24,,True,,Nashik Road
RES-2026-10004,Oni Vala,03123434772,UBOI234031070,WhatsApp,My ATM card was swallowed by the machine and cash was debited but not dispensed.,ATM / Debit Card,Medium,Angry,In Progress,2026-04-17 08:46,48,,True,Anirudh Shere,Kolhapur
RES-2026-10005,Fitan Dutta,06045707133,UBOI810026086,WhatsApp,My debit card got blocked without any reason. Please unblock it.,ATM / Debit Card,Medium,Concerned,Open,2026-04-24 13:45,48,,True,,Thane
RES-2026-10006,Caleb Kapadia,02865243673,UBOI324956459,Web Form,My EMI was auto-debited twice this month. Please refund the extra amount.,Loan / EMI,High,Frustrated,In Progress,2026-04-30 18:10,24,,True,Vrishti Edwin,Nagpur Central
RES-2026-10007,Idika Kalita,1656795411,UBOI389854268,Email,Staff refused to help elderly customer with basic banking needs.,Branch Service,Medium,Angry,In Progress,2026-05-17 14:10,48,,True,Urmi Ravel,Thane
RES-2026-10008,Zansi Chopra,7116099895,UBOI326541099,Web Form,Passbook update machine at branch has been non-functional for 2 weeks.,Branch Service,High,Angry,Open,2026-04-03 17:25,24,,True,,Nashik Road
RES-2026-10009,Ojasvi Joshi,+910305296729,UBOI702764446,WhatsApp,UPI payment failed but money got debited. Please refund immediately.,Net Banking / Mobile App,High,Frustrated,Open,2026-04-10 15:08,24,,True,,Nagpur Central
RES-2026-10010,Ati Kala,7750703585,UBOI264112119,WhatsApp,NEFT was submitted at branch but money has not reached beneficiary.,Branch Service,Medium,Frustrated,Resolved,2026-04-09 22:05,48,15.0,False,Chaman Merchant,Bandra East
RES-2026-10011,Jonathan Sant,02928369707,UBOI830448745,Email,DD issuance is taking more than 4 days which is unacceptable.,Branch Service,Medium,Frustrated,Resolved,2026-04-30 15:35,48,2.0,False,Bishakha Patil,Pune Camp
RES-2026-10012,Kashvi Rattan,05108683295,UBOI875340444,Email,NEFT was submitted at branch but money has not reached beneficiary.,Branch Service,High,Angry,In Progress,2026-04-19 20:10,24,,True,Yatan Salvi,Nagpur Central
RES-2026-10013,Peter Karan,05816646119,UBOI679153816,WhatsApp,"I received a phishing call and my account was debited Rs 12,000 fraudulently.",Fraud / Unauthorized Transaction,Critical,Angry,Escalated,2026-04-13 11:23,4,,True,Niharika Boase,Andheri West
RES-2026-10014,Garima Vig,06678812069,UBOI184564737,WhatsApp,Multiple small transactions debited from my account which I did not authorize.,Fraud / Unauthorized Transaction,Critical,Frustrated,Escalated,2026-04-16 08:15,4,,True,Kevin Murty,Pune Camp
RES-2026-10015,Anjali Andra,+915714691686,UBOI690347116,Web Form,DD issuance is taking more than 4 days which is unacceptable.,Branch Service,Critical,Frustrated,In Progress,2026-04-09 11:42,4,,True,Karan Varghese,Bandra East
RES-2026-10016,Lopa Divan,03606826072,UBOI821218382,Web Form,My CIBIL score was incorrectly updated by the bank showing loan default.,Loan / EMI,Medium,Angry,In Progress,2026-05-05 13:45,48,,True,Banjeet Anand,Nashik Road
RES-2026-10017,Jairaj Sane,+910955001559,UBOI176228245,WhatsApp,My account was opened without my consent. Please investigate.,Account / KYC,Low,Angry,In Progress,2026-04-02 14:37,72,,True,Tamanna Ghosh,Andheri West
RES-2026-10018,Sarthak Prabhakar,09852751802,UBOI678998028,Web Form,I am unable to login to mobile banking app. Getting invalid credentials error.,Net Banking / Mobile App,High,Angry,In Progress,2026-04-16 15:42,24,,True,Ishani Chakraborty,Bandra East
RES-2026-10019,Finn Dutta,+918856468442,UBOI562837684,Email,NEFT was submitted at branch but money has not reached beneficiary.,Branch Service,Low,Frustrated,Open,2026-04-27 13:06,72,,True,,Nashik Road
RES-2026-10020,Leena Swamy,05224249199,UBOI464323393,WhatsApp,Unable to update my mobile number linked to bank account.,Account / KYC,High,Frustrated,In Progress,2026-05-12 10:03,24,,True,Maya Vyas,Pune Camp
RES-2026-10021,Jalsa Roy,+917661503061,UBOI575808013,WhatsApp,Fund transfer failed but amount was deducted from my account.,Net Banking / Mobile App,Medium,Frustrated,Resolved,2026-04-18 21:15,48,10.0,False,Hemang Sule,Pune Camp
RES-2026-10022,Veer Jaggi,+912852122870,UBOI616854671,Web Form,Card declined at merchant even though I have sufficient balance.,ATM / Debit Card,High,Concerned,In Progress,2026-05-19 14:10,24,,True,Baghyawati Palla,Thane
RES-2026-10023,Aayush Date,8647712638,UBOI884374109,WhatsApp,My account has been frozen without prior notice. I need it urgently.,Account / KYC,Low,Frustrated,In Progress,2026-05-21 21:18,72,,False,Jhalak Patla,Aurangabad
RES-2026-10024,Suhani Ahluwalia,+910621585685,UBOI153839920,WhatsApp,Fund transfer failed but amount was deducted from my account.,Net Banking / Mobile App,Critical,Frustrated,Open,2026-05-05 08:47,4,,True,,Aurangabad
RES-2026-10025,Gautami Dhingra,1724043225,UBOI711684318,WhatsApp,"OTP was shared unknowingly and Rs 85,000 was transferred out of my account.",Fraud / Unauthorized Transaction,High,Angry,Open,2026-05-14 14:25,24,,True,,Thane
RES-2026-10026,Upasna Shetty,02765170632,UBOI356287095,WhatsApp,"OTP was shared unknowingly and Rs 85,000 was transferred out of my account.",Fraud / Unauthorized Transaction,Critical,Angry,Escalated,2026-04-17 13:42,4,,True,Aradhana Sehgal,Nagpur Central
RES-2026-10027,Vaishnavi Mane,0539337299,UBOI704509817,Email,KYC documents were submitted 3 weeks ago but account is still restricted.,Account / KYC,Medium,Angry,In Progress,2026-05-19 09:00,48,,True,Anthony Suri,Pune Camp
RES-2026-10028,Jackson Bakshi,+919183937352,UBOI570497096,WhatsApp,My debit card got blocked without any reason. Please unblock it.,ATM / Debit Card,Medium,Concerned,In Progress,2026-04-05 14:23,48,,True,Hemani Dhar,Nagpur Central
RES-2026-10029,Chaaya Murty,+910606496370,UBOI897163846,WhatsApp,Fraudulent FD was opened in my name without my knowledge.,Fraud / Unauthorized Transaction,Critical,Angry,Escalated,2026-04-09 15:07,4,,True,Anmol Desai,Bandra East
RES-2026-10030,Yuvraj Thaker,+914700361940,UBOI154544899,Email,I applied for a personal loan 2 weeks ago and have received no response.,Loan / EMI,High,Angry,In Progress,2026-05-11 15:32,24,,True,Bahadurjit Dass,Pune Camp
RES-2026-10031,Ranveer Misra,08488183459,UBOI857704655,Web Form,DD issuance is taking more than 4 days which is unacceptable.,Branch Service,Low,Angry,Resolved,2026-04-09 15:10,72,71.0,False,Tanvi Kamdar,Kolhapur
RES-2026-10032,Thomas Ganesh,+911762329909,UBOI430989881,WhatsApp,"Unauthorized transaction of Rs 45,000 done from my account. I did not do this.",Fraud / Unauthorized Transaction,High,Angry,Open,2026-04-24 11:27,24,,True,,Nashik Road
RES-2026-10033,Zansi Prasad,+910233613055,UBOI274484941,WhatsApp,My debit card is not working at POS terminals since last 3 days.,ATM / Debit Card,Low,Angry,Resolved,2026-05-20 20:39,72,31.0,False,Yashoda Aggarwal,Bandra East
RES-2026-10034,Gopal Jayaraman,+911099731237,UBOI852991721,WhatsApp,My account has been frozen without prior notice. I need it urgently.,Account / KYC,Critical,Neutral,Open,2026-04-27 14:17,4,,True,,Pune Camp
RES-2026-10035,Divya Arora,+912210678806,UBOI339362341,Web Form,My account has been frozen without prior notice. I need it urgently.,Account / KYC,Low,Neutral,Resolved,2026-04-30 18:19,72,30.0,False,Jasmit Dhillon,Andheri West
RES-2026-10036,Guneet Mody,02858845970,UBOI529151399,WhatsApp,Cheque deposited 7 days ago has still not been cleared.,Branch Service,Medium,Angry,Escalated,2026-05-20 15:22,48,,True,Bimala Bandi,Nashik Road
RES-2026-10037,Gautam Badal,+911338797264,UBOI471178705,Web Form,My ATM card was swallowed by the machine and cash was debited but not dispensed.,ATM / Debit Card,Medium,Frustrated,In Progress,2026-04-17 08:06,48,,True,Hardik Kashyap,Nashik Road
RES-2026-10038,Chatura Sabharwal,+916829002999,UBOI658260221,Web Form,My account was opened without my consent. Please investigate.,Account / KYC,Low,Concerned,Resolved,2026-04-13 15:02,72,1.0,False,Liam Khatri,Thane
RES-2026-10039,Nikita Sur,0784038847,UBOI432091877,WhatsApp,Pre-payment charges are being applied even though I opted for a floating rate loan.,Loan / EMI,High,Angry,Resolved,2026-04-21 10:46,24,33.0,True,Robert Puri,Kolhapur
RES-2026-10040,Yahvi Manda,5702564206,UBOI760904107,Email,Pre-payment charges are being applied even though I opted for a floating rate loan.,Loan / EMI,Medium,Angry,Resolved,2026-05-13 19:43,48,23.0,False,Kai Bajaj,Nagpur Central
RES-2026-10041,Sai Rege,+915645581418,UBOI825449223,Web Form,My account was opened without my consent. Please investigate.,Account / KYC,Medium,Angry,In Progress,2026-05-21 17:29,48,,True,Chaitaly Loke,Thane
RES-2026-10042,Yashica Sampath,4992123993,UBOI906528433,Email,My credit card details were stolen and used for online shopping.,Fraud / Unauthorized Transaction,Critical,Angry,Escalated,2026-05-13 17:05,4,,True,Amol Hari,Thane
RES-2026-10043,Laksh Seshadri,03983978355,UBOI588999385,WhatsApp,Passbook update machine at branch has been non-functional for 2 weeks.,Branch Service,Low,Angry,Resolved,2026-04-16 22:39,72,10.0,False,Jatin Nori,Kolhapur
RES-2026-10044,Hitesh Bhandari,09758745251,UBOI906341966,WhatsApp,NEFT was submitted at branch but money has not reached beneficiary.,Branch Service,High,Frustrated,Escalated,2026-04-16 11:41,24,,True,Krishna Varma,Pune Camp
RES-2026-10045,Abhiram Sagar,00724204845,UBOI590122159,WhatsApp,KYC documents were submitted 3 weeks ago but account is still restricted.,Account / KYC,Critical,Frustrated,Escalated,2026-04-04 14:58,4,,True,Avi Sagar,Bandra East
RES-2026-10046,Unnati Dada,+910945782422,UBOI558209399,WhatsApp,Joint account holder removed without my authorization.,Account / KYC,Medium,Angry,Resolved,2026-05-19 21:39,48,65.0,True,Pooja Yogi,Aurangabad
RES-2026-10047,Quincy Ram,05578299750,UBOI772966010,Web Form,UPI payment failed but money got debited. Please refund immediately.,Net Banking / Mobile App,Medium,Neutral,Resolved,2026-05-24 15:49,48,63.0,True,Bachittar Joshi,Thane
RES-2026-10048,Ryan Balan,+915984218005,UBOI511281012,WhatsApp,Pre-payment charges are being applied even though I opted for a floating rate loan.,Loan / EMI,Medium,Angry,Open,2026-04-21 09:08,48,,True,,Bandra East
RES-2026-10049,Gopal Issac,+917290818401,UBOI926561919,WhatsApp,Cheque deposited 7 days ago has still not been cleared.,Branch Service,Medium,Frustrated,Resolved,2026-04-27 08:13,48,50.0,True,Sarthak Ratti,Andheri West
RES-2026-10050,Eesha Bhalla,6456045081,UBOI686405096,WhatsApp,My credit card details were stolen and used for online shopping.,Fraud / Unauthorized Transaction,High,Frustrated,Escalated,2026-05-24 20:34,24,,False,Eesha Trivedi,Thane
RES-2026-10051,Rajeshri Mitra,+911398146533,UBOI601856351,WhatsApp,KYC documents were submitted 3 weeks ago but account is still restricted.,Account / KYC,Medium,Frustrated,Open,2026-05-13 19:46,48,,True,,Bandra East
RES-2026-10052,Vritti Arora,+914292264767,UBOI507059676,WhatsApp,"OTP was shared unknowingly and Rs 85,000 was transferred out of my account.",Fraud / Unauthorized Transaction,High,Frustrated,Open,2026-04-09 21:11,24,,True,,Nashik Road
RES-2026-10053,Hritik Biswas,+919956971765,UBOI120812641,WhatsApp,Unable to register for mobile banking. OTP is not being received.,Net Banking / Mobile App,High,Frustrated,Resolved,2026-05-19 20:16,24,31.0,True,Yahvi Thakur,Andheri West
RES-2026-10054,Kritika Sodhi,1662858966,UBOI121882877,Email,Loan statement shows incorrect outstanding amount.,Loan / EMI,High,Frustrated,Open,2026-05-19 07:15,24,,True,,Bandra East
RES-2026-10055,Idika Gill,5919077447,UBOI750572325,WhatsApp,Fund transfer failed but amount was deducted from my account.,Net Banking / Mobile App,Low,Concerned,In Progress,2026-04-30 15:49,72,,True,Faraj Pandey,Pune Camp
RES-2026-10056,Osha Mandal,+916978906110,UBOI181600593,WhatsApp,Net banking session keeps timing out in the middle of transactions.,Net Banking / Mobile App,Low,Angry,Resolved,2026-05-14 19:25,72,26.0,False,Kevin Sehgal,Thane
RES-2026-10057,Gautam Dalal,+911741621464,UBOI810303128,Email,Card declined at merchant even though I have sufficient balance.,ATM / Debit Card,High,Frustrated,In Progress,2026-04-08 08:22,24,,True,Ati Soman,Nashik Road
RES-2026-10058,Madhav Brar,5004469692,UBOI989817696,Email,My debit card got blocked without any reason. Please unblock it.,ATM / Debit Card,Low,Frustrated,Resolved,2026-05-02 10:27,72,82.0,True,Isaiah Sahota,Aurangabad
RES-2026-10059,Upasna Sarna,6191501395,UBOI884933416,WhatsApp,Cheque deposited 7 days ago has still not been cleared.,Branch Service,High,Concerned,In Progress,2026-04-18 22:29,24,,True,Gaurika Yadav,Nagpur Central
RES-2026-10060,Avi Kari,01754970638,UBOI461203124,Web Form,Loan statement shows incorrect outstanding amount.,Loan / EMI,Low,Concerned,Resolved,2026-04-16 21:36,72,49.0,False,Alka Korpal,Andheri West
RES-2026-10061,Nimrat Mangat,+911281286929,UBOI696776072,WhatsApp,Wrong name spelling on my passbook and debit card.,Account / KYC,Low,Neutral,Resolved,2026-04-22 15:56,72,36.0,False,Jeevika Anand,Andheri West
RES-2026-10062,Zayan Merchant,5483307422,UBOI199915275,WhatsApp,"I received a phishing call and my account was debited Rs 12,000 fraudulently.",Fraud / Unauthorized Transaction,Critical,Frustrated,Escalated,2026-05-12 22:28,4,,True,Ekalinga Datta,Nagpur Central
RES-2026-10063,Sachi Kari,02904937293,UBOI455184454,Email,Unable to register for mobile banking. OTP is not being received.,Net Banking / Mobile App,Medium,Frustrated,Resolved,2026-05-01 18:27,48,71.0,True,Ira Mahal,Nashik Road
RES-2026-10064,Maanas Srivastava,09982387907,UBOI305665554,WhatsApp,DD issuance is taking more than 4 days which is unacceptable.,Branch Service,Medium,Angry,Resolved,2026-04-13 17:07,48,24.0,False,Arjun Mann,Thane
RES-2026-10065,Lekha Rana,+916243926877,UBOI344258191,WhatsApp,DD issuance is taking more than 4 days which is unacceptable.,Branch Service,Medium,Neutral,Resolved,2026-05-09 16:06,48,38.0,False,Omaja Ravel,Nashik Road
RES-2026-10066,Pratyush Parikh,+911417635609,UBOI210152642,WhatsApp,Net banking session keeps timing out in the middle of transactions.,Net Banking / Mobile App,Medium,Angry,Resolved,2026-04-04 16:44,48,63.0,True,Ubika Parsa,Andheri West
RES-2026-10067,Sneha Apte,05059816806,UBOI628008852,WhatsApp,Multiple small transactions debited from my account which I did not authorize.,Fraud / Unauthorized Transaction,High,Frustrated,Open,2026-05-01 10:52,24,,True,,Pune Camp
RES-2026-10068,Vedant Bhavsar,+910188201651,UBOI751028618,Email,Fraudulent FD was opened in my name without my knowledge.,Fraud / Unauthorized Transaction,Critical,Angry,Escalated,2026-04-16 10:35,4,,True,Urvashi Sibal,Thane
RES-2026-10069,Oviya Mann,+911528780652,UBOI918982730,WhatsApp,My credit card details were stolen and used for online shopping.,Fraud / Unauthorized Transaction,Critical,Angry,Resolved,2026-05-10 08:39,4,4.0,False,Avni Babu,Thane
RES-2026-10070,Gunbir Kala,2444417610,UBOI583724666,WhatsApp,Cheque deposited 7 days ago has still not been cleared.,Branch Service,Low,Angry,Open,2026-05-06 09:10,72,,True,,Aurangabad
RES-2026-10071,Om Sura,+910926521195,UBOI384063364,WhatsApp,My EMI was auto-debited twice this month. Please refund the extra amount.,Loan / EMI,High,Neutral,Open,2026-04-30 09:43,24,,True,,Thane
RES-2026-10072,Luke Chokshi,06295208400,UBOI951078441,WhatsApp,My account has been frozen without prior notice. I need it urgently.,Account / KYC,Medium,Concerned,Open,2026-05-23 11:04,48,,False,,Nagpur Central
RES-2026-10073,Ishaan Chawla,02486469469,UBOI570040006,Web Form,Fraudulent FD was opened in my name without my knowledge.,Fraud / Unauthorized Transaction,Critical,Angry,In Progress,2026-04-26 15:32,4,,True,Sathvik Ganguly,Pune Camp
RES-2026-10074,Baghyawati Memon,05054404911,UBOI389385259,Web Form,"Unauthorized transaction of Rs 45,000 done from my account. I did not do this.",Fraud / Unauthorized Transaction,High,Angry,Escalated,2026-05-14 07:48,24,,True,Yoshita Bhatia,Andheri West
RES-2026-10075,Jagat Reddy,09967249087,UBOI604669821,WhatsApp,Unable to register for mobile banking. OTP is not being received.,Net Banking / Mobile App,Medium,Angry,Resolved,2026-05-08 20:40,48,12.0,False,Amaira Oommen,Nashik Road
RES-2026-10076,Madhav Borah,+917272993720,UBOI973559879,WhatsApp,Wrong name spelling on my passbook and debit card.,Account / KYC,Low,Angry,Resolved,2026-04-27 22:18,72,52.0,False,Arjun Reddy,Andheri West
RES-2026-10077,Yasti Ram,00645709810,UBOI543721204,WhatsApp,My account has been frozen without prior notice. I need it urgently.,Account / KYC,Medium,Concerned,Resolved,2026-04-26 07:42,48,60.0,True,Ranveer Shukla,Andheri West
RES-2026-10078,Mason Deshmukh,04785425112,UBOI240674381,WhatsApp,My transaction history is showing incorrect entries in net banking.,Net Banking / Mobile App,High,Frustrated,Open,2026-05-19 08:13,24,,True,,Nagpur Central
RES-2026-10079,Advik Andra,8469420717,UBOI691458887,WhatsApp,Joint account holder removed without my authorization.,Account / KYC,Low,Frustrated,Open,2026-05-22 14:45,72,,False,,Andheri West
RES-2026-10080,Owen Goyal,06320310765,UBOI646397165,WhatsApp,My credit card details were stolen and used for online shopping.,Fraud / Unauthorized Transaction,Critical,Angry,Resolved,2026-05-24 11:31,4,10.0,True,Nachiket Jhaveri,Nagpur Central
RES-2026-10081,Ridhi Shroff,+916082777524,UBOI246574716,Web Form,Unable to update my mobile number linked to bank account.,Account / KYC,Low,Frustrated,Resolved,2026-04-25 13:58,72,96.0,True,Eta Dara,Pune Camp
RES-2026-10082,Vrinda Rajan,2635272352,UBOI730219579,WhatsApp,Pre-payment charges are being applied even though I opted for a floating rate loan.,Loan / EMI,High,Angry,Open,2026-04-01 16:46,24,,True,,Aurangabad
RES-2026-10083,Upkaar Kakar,+918432900065,UBOI848933239,WhatsApp,Unable to register for mobile banking. OTP is not being received.,Net Banking / Mobile App,Medium,Frustrated,Resolved,2026-05-05 19:29,48,25.0,False,Sathvik Gola,Thane
RES-2026-10084,Pushti Sharma,+914076698294,UBOI981270974,WhatsApp,My credit card details were stolen and used for online shopping.,Fraud / Unauthorized Transaction,Critical,Frustrated,Resolved,2026-05-22 19:24,4,26.0,True,Krish Narasimhan,Bandra East
RES-2026-10085,Jacob Raghavan,+912966107754,UBOI590622789,WhatsApp,My account has been frozen without prior notice. I need it urgently.,Account / KYC,Critical,Angry,In Progress,2026-04-07 21:06,4,,True,Tara Jha,Andheri West
RES-2026-10086,Yoshita Narang,03015195536,UBOI526794469,WhatsApp,Cheque deposited 7 days ago has still not been cleared.,Branch Service,High,Angry,Escalated,2026-05-01 15:21,24,,True,Xavier Tak,Pune Camp
RES-2026-10087,Gopal Subramaniam,7358828360,UBOI762992051,Web Form,Home loan sanction letter not received even after 30 days of application.,Loan / EMI,Medium,Angry,In Progress,2026-05-16 22:55,48,,True,Warinder Setty,Pune Camp
RES-2026-10088,Wridesh Dyal,0281016431,UBOI576396216,Email,UPI payment failed but money got debited. Please refund immediately.,Net Banking / Mobile App,Medium,Angry,Resolved,2026-04-06 20:06,48,13.0,False,Onkar Manne,Bandra East
RES-2026-10089,Widisha Sood,+912216320807,UBOI362204999,Web Form,Passbook update machine at branch has been non-functional for 2 weeks.,Branch Service,Low,Neutral,In Progress,2026-04-19 18:23,72,,True,Wyatt Swamy,Kolhapur
RES-2026-10090,Ekantika Setty,2780773816,UBOI349310440,Email,Fraudulent FD was opened in my name without my knowledge.,Fraud / Unauthorized Transaction,Critical,Frustrated,In Progress,2026-04-16 22:58,4,,True,Charita Kala,Aurangabad
RES-2026-10091,Mohammed Rout,+914466917825,UBOI179308612,WhatsApp,Passbook update machine at branch has been non-functional for 2 weeks.,Branch Service,High,Concerned,In Progress,2026-04-30 16:43,24,,True,Ikbal Chakraborty,Aurangabad
RES-2026-10092,Nakul Murty,09771394004,UBOI618840705,WhatsApp,My CIBIL score was incorrectly updated by the bank showing loan default.,Loan / EMI,Critical,Frustrated,Resolved,2026-04-30 16:12,4,28.0,True,Chaitanya Lanka,Pune Camp
RES-2026-10093,Falan Loke,9822011991,UBOI394721069,Email,Unable to register for mobile banking. OTP is not being received.,Net Banking / Mobile App,Medium,Concerned,Escalated,2026-04-19 07:53,48,,True,Radhika Gera,Andheri West
RES-2026-10094,Chanakya Dani,5598730822,UBOI335154329,Email,Fraudulent FD was opened in my name without my knowledge.,Fraud / Unauthorized Transaction,Critical,Frustrated,Escalated,2026-04-19 14:38,4,,True,Jack Srivastava,Thane
RES-2026-10095,Ishita Doshi,+912897400523,UBOI135824891,Email,Multiple small transactions debited from my account which I did not authorize.,Fraud / Unauthorized Transaction,Critical,Frustrated,Escalated,2026-05-11 08:19,4,,True,Ekantika Banerjee,Nashik Road
RES-2026-10096,Anamika Kadakia,4592460554,UBOI669998399,WhatsApp,Cheque deposited 7 days ago has still not been cleared.,Branch Service,Medium,Neutral,Resolved,2026-04-12 13:08,48,47.0,False,Damini Arora,Nagpur Central
RES-2026-10097,Radhika Bedi,+912613523490,UBOI180852074,Web Form,Net banking session keeps timing out in the middle of transactions.,Net Banking / Mobile App,Critical,Concerned,Open,2026-04-19 17:51,4,,True,,Bandra East
RES-2026-10098,Mugdha Kunda,4622403686,UBOI114945047,Email,UPI payment failed but money got debited. Please refund immediately.,Net Banking / Mobile App,Critical,Concerned,Escalated,2026-05-22 18:05,4,,True,Benjamin Hans,Nagpur Central
RES-2026-10099,Pranav Basak,0358106431,UBOI126870011,WhatsApp,"Unauthorized transaction of Rs 45,000 done from my account. I did not do this.",Fraud / Unauthorized Transaction,Critical,Frustrated,Open,2026-04-24 10:43,4,,True,,Nashik Road
RES-2026-10100,Aarnav Barad,0922800640,UBOI628951656,Email,"I received a phishing call and my account was debited Rs 12,000 fraudulently.",Fraud / Unauthorized Transaction,Critical,Frustrated,Resolved,2026-04-08 11:02,4,10.0,True,Madhav Kanda,Pune Camp
RES-2026-10101,Wyatt Ram,0891592496,UBOI545478870,Web Form,Unable to withdraw cash from ATM. Transaction failed but amount got deducted.,ATM / Debit Card,Low,Frustrated,Resolved,2026-05-13 20:37,72,20.0,False,Wriddhish Babu,Pune Camp
RES-2026-10102,Lakshmi Balan,+915133509051,UBOI353524015,WhatsApp,My account was opened without my consent. Please investigate.,Account / KYC,Critical,Angry,In Progress,2026-04-24 13:28,4,,True,Isaiah Boase,Nashik Road
RES-2026-10103,Nandini Solanki,6781592945,UBOI231167999,WhatsApp,Card declined at merchant even though I have sufficient balance.,ATM / Debit Card,Critical,Frustrated,Open,2026-04-04 19:17,4,,True,,Aurangabad
RES-2026-10104,Yauvani Mohanty,+915381505485,UBOI173669588,WhatsApp,Card declined at merchant even though I have sufficient balance.,ATM / Debit Card,Medium,Concerned,Resolved,2026-04-04 17:15,48,27.0,False,Faqid Parmer,Thane
RES-2026-10105,Chanchal Seth,+911502676021,UBOI957397689,Web Form,"I received a phishing call and my account was debited Rs 12,000 fraudulently.",Fraud / Unauthorized Transaction,Critical,Angry,In Progress,2026-04-18 11:08,4,,True,Zaid Mani,Bandra East
RES-2026-10106,Eesha Sha,+918667013087,UBOI287095435,Web Form,Card declined at merchant even though I have sufficient balance.,ATM / Debit Card,Low,Frustrated,In Progress,2026-05-21 14:37,72,,False,Amaira Chaudry,Nagpur Central
RES-2026-10107,Kritika Majumdar,+913447377625,UBOI737444033,Email,Unable to withdraw cash from ATM. Transaction failed but amount got deducted.,ATM / Debit Card,Medium,Neutral,In Progress,2026-05-01 21:49,48,,True,Sara Dave,Pune Camp
RES-2026-10108,Zaid Nori,03188512412,UBOI133447745,WhatsApp,My account was opened without my consent. Please investigate.,Account / KYC,Medium,Neutral,Escalated,2026-05-13 16:29,48,,True,Abhimanyu Hegde,Andheri West
RES-2026-10109,Bhavna Lala,3828758020,UBOI753154389,WhatsApp,Unable to update my mobile number linked to bank account.,Account / KYC,Low,Neutral,Open,2026-04-29 09:57,72,,True,,Bandra East
RES-2026-10110,Samesh Mahajan,+919967195309,UBOI587173220,WhatsApp,Unable to withdraw cash from ATM. Transaction failed but amount got deducted.,ATM / Debit Card,Medium,Frustrated,In Progress,2026-04-21 19:38,48,,True,Ishita Dube,Kolhapur
RES-2026-10111,Sanya Venkataraman,00385358739,UBOI345343109,WhatsApp,Card declined at merchant even though I have sufficient balance.,ATM / Debit Card,High,Concerned,In Progress,2026-05-06 13:27,24,,True,Fariq Shan,Kolhapur
RES-2026-10112,Harini Agarwal,03297814171,UBOI609241268,WhatsApp,Pre-payment charges are being applied even though I opted for a floating rate loan.,Loan / EMI,High,Angry,Resolved,2026-04-21 15:23,24,44.0,True,Hredhaan Prashad,Pune Camp
RES-2026-10113,Bhavini Lata,03716591940,UBOI702998820,WhatsApp,My ATM card was swallowed by the machine and cash was debited but not dispensed.,ATM / Debit Card,Low,Neutral,Open,2026-05-22 11:35,72,,False,,Nashik Road
RES-2026-10114,Qarin Nadig,08781854594,UBOI477577220,WhatsApp,Bank staff is extremely rude and unhelpful at the Andheri branch.,Branch Service,High,Concerned,Escalated,2026-04-28 08:18,24,,True,Ekta Saha,Pune Camp
RES-2026-10115,Veda Sood,+917239656987,UBOI342836476,WhatsApp,"OTP was shared unknowingly and Rs 85,000 was transferred out of my account.",Fraud / Unauthorized Transaction,High,Frustrated,Open,2026-04-24 10:48,24,,True,,Kolhapur
RES-2026-10116,Anya Bath,9181834397,UBOI918630985,Email,"OTP was shared unknowingly and Rs 85,000 was transferred out of my account.",Fraud / Unauthorized Transaction,Critical,Frustrated,Open,2026-04-18 07:11,4,,True,,Nagpur Central
RES-2026-10117,Agastya Magar,02006235062,UBOI132917811,WhatsApp,I applied for a personal loan 2 weeks ago and have received no response.,Loan / EMI,High,Frustrated,Escalated,2026-04-26 09:09,24,,True,Jasmit Sani,Pune Camp
RES-2026-10118,Aarna Balasubramanian,+914374468586,UBOI709448939,WhatsApp,NEFT was submitted at branch but money has not reached beneficiary.,Branch Service,Medium,Angry,In Progress,2026-04-24 16:46,48,,True,Isaiah Kumar,Pune Camp
RES-2026-10119,Yashica Prabhakar,+911604285012,UBOI751842899,WhatsApp,Unable to withdraw cash from ATM. Transaction failed but amount got deducted.,ATM / Debit Card,Medium,Frustrated,In Progress,2026-04-18 21:42,48,,True,Manan Sha,Aurangabad
RES-2026-10120,Ekavir Sekhon,0981067215,UBOI622517939,WhatsApp,Wrong name spelling on my passbook and debit card.,Account / KYC,Medium,Angry,Escalated,2026-04-08 16:43,48,,True,Amol Hans,Nagpur Central
RES-2026-10121,Janani Kaul,4242176606,UBOI374361983,WhatsApp,Unable to withdraw cash from ATM. Transaction failed but amount got deducted.,ATM / Debit Card,Medium,Angry,Open,2026-04-20 13:49,48,,True,,Nagpur Central
RES-2026-10122,Osha Borra,08330886927,UBOI817311263,WhatsApp,My EMI was auto-debited twice this month. Please refund the extra amount.,Loan / EMI,High,Angry,In Progress,2026-04-25 14:32,24,,True,Tamanna Dubey,Nashik Road
RES-2026-10123,Jyoti Kaur,00410471774,UBOI534245762,Web Form,ATM transaction showed successful but I didn't receive the cash.,ATM / Debit Card,Low,Angry,In Progress,2026-04-05 17:36,72,,True,Abdul Patil,Kolhapur
RES-2026-10124,Anjali Deep,+911366046046,UBOI488536370,WhatsApp,My EMI was auto-debited twice this month. Please refund the extra amount.,Loan / EMI,Critical,Angry,Escalated,2026-05-10 21:53,4,,True,Wyatt Bhasin,Pune Camp
RES-2026-10125,Yashvi Munshi,08877688837,UBOI457629711,WhatsApp,My account has been frozen without prior notice. I need it urgently.,Account / KYC,Medium,Frustrated,In Progress,2026-04-26 16:47,48,,True,Amaira Bera,Bandra East
RES-2026-10126,Gaurangi Dube,+918539439669,UBOI353691745,Email,My debit card got blocked without any reason. Please unblock it.,ATM / Debit Card,Medium,Angry,Resolved,2026-05-20 18:22,48,19.0,False,Ayaan Parikh,Pune Camp
RES-2026-10127,Falan Boase,05431244436,UBOI598165815,WhatsApp,Net banking session keeps timing out in the middle of transactions.,Net Banking / Mobile App,Medium,Neutral,Resolved,2026-05-12 09:11,48,64.0,True,Hemang Om,Aurangabad
RES-2026-10128,Eiravati Nazareth,3707946431,UBOI603500181,Email,NEFT was submitted at branch but money has not reached beneficiary.,Branch Service,Critical,Angry,In Progress,2026-05-11 17:09,4,,True,Jasmit Bedi,Aurangabad
RES-2026-10129,Eshana Chaudry,+913557812840,UBOI161085229,Email,Passbook update machine at branch has been non-functional for 2 weeks.,Branch Service,Medium,Frustrated,In Progress,2026-04-05 16:29,48,,True,Oni Vyas,Nashik Road
RES-2026-10130,Samaksh Rastogi,+910982050312,UBOI950207886,Email,My EMI was auto-debited twice this month. Please refund the extra amount.,Loan / EMI,Critical,Angry,In Progress,2026-05-09 19:29,4,,True,Kiaan Kant,Andheri West
RES-2026-10131,Ekta Loyal,08535383088,UBOI999126903,Email,My account was opened without my consent. Please investigate.,Account / KYC,Medium,Frustrated,Open,2026-04-10 08:28,48,,True,,Nashik Road
RES-2026-10132,Jagrati Sami,5777786602,UBOI270452446,WhatsApp,Bank staff is extremely rude and unhelpful at the Andheri branch.,Branch Service,Low,Angry,Escalated,2026-04-29 21:33,72,,True,Ishwar Memon,Nashik Road
RES-2026-10133,Mugdha Sastry,03075027386,UBOI699108439,WhatsApp,I applied for a personal loan 2 weeks ago and have received no response.,Loan / EMI,High,Frustrated,In Progress,2026-04-04 17:04,24,,True,Samesh Kuruvilla,Kolhapur
RES-2026-10134,Yug Parmer,+913337855881,UBOI251857566,Email,I applied for a personal loan 2 weeks ago and have received no response.,Loan / EMI,High,Concerned,In Progress,2026-04-10 17:05,24,,True,Ikshita Kade,Nashik Road
RES-2026-10135,Vedhika Balan,02890499607,UBOI950040559,Email,Home loan sanction letter not received even after 30 days of application.,Loan / EMI,Medium,Frustrated,In Progress,2026-04-06 16:35,48,,True,Maanav Chhabra,Nashik Road
RES-2026-10136,Girik Basak,+910480489854,UBOI645985356,Email,UPI payment failed but money got debited. Please refund immediately.,Net Banking / Mobile App,Critical,Concerned,Escalated,2026-05-04 09:41,4,,True,Tanay Datta,Nashik Road
RES-2026-10137,Luke Wali,6026996487,UBOI247709679,WhatsApp,My debit card is not working at POS terminals since last 3 days.,ATM / Debit Card,Critical,Angry,Open,2026-05-20 22:12,4,,True,,Bandra East
RES-2026-10138,Aarav Varughese,0310629440,UBOI922816526,Web Form,My debit card is not working at POS terminals since last 3 days.,ATM / Debit Card,Low,Neutral,In Progress,2026-05-24 08:42,72,,False,Kamya Golla,Bandra East
RES-2026-10139,Edhitha Barad,+912863948617,UBOI826239153,WhatsApp,My credit card details were stolen and used for online shopping.,Fraud / Unauthorized Transaction,Critical,Frustrated,In Progress,2026-05-17 21:02,4,,True,Yashvi Bora,Thane
RES-2026-10140,Mason Sane,06641033426,UBOI996696177,WhatsApp,My account was opened without my consent. Please investigate.,Account / KYC,High,Frustrated,Resolved,2026-05-05 14:19,24,31.0,True,Eshana Oommen,Thane
RES-2026-10141,Daniel Baral,+911910018067,UBOI274008639,Web Form,Home loan sanction letter not received even after 30 days of application.,Loan / EMI,Critical,Frustrated,In Progress,2026-04-19 19:32,4,,True,Chaman Purohit,Thane
RES-2026-10142,Anya Lala,05041315449,UBOI272134062,Web Form,"I received a phishing call and my account was debited Rs 12,000 fraudulently.",Fraud / Unauthorized Transaction,High,Frustrated,Open,2026-05-16 10:18,24,,True,,Nagpur Central
RES-2026-10143,Forum Menon,4671909532,UBOI128636900,WhatsApp,My account was opened without my consent. Please investigate.,Account / KYC,Medium,Concerned,In Progress,2026-04-15 21:56,48,,True,Nidhi Ahuja,Kolhapur
RES-2026-10144,Zaitra Bajwa,04383481559,UBOI206389694,WhatsApp,ATM transaction showed successful but I didn't receive the cash.,ATM / Debit Card,Low,Concerned,In Progress,2026-04-24 14:01,72,,True,Tamanna Kapadia,Nashik Road
RES-2026-10145,Xiti Rama,07587305393,UBOI581682167,WhatsApp,Fund transfer failed but amount was deducted from my account.,Net Banking / Mobile App,Critical,Frustrated,Escalated,2026-05-24 11:48,4,,False,Eesha Bal,Andheri West
RES-2026-10146,Yashica Gopal,+915749692797,UBOI355164255,WhatsApp,My ATM card was swallowed by the machine and cash was debited but not dispensed.,ATM / Debit Card,High,Frustrated,Escalated,2026-05-17 20:07,24,,True,Prisha Bumb,Nagpur Central
RES-2026-10147,Nitara Ram,09145532952,UBOI117647321,WhatsApp,My ATM card was swallowed by the machine and cash was debited but not dispensed.,ATM / Debit Card,Medium,Frustrated,Resolved,2026-04-05 10:53,48,69.0,True,Jeet Saha,Thane
RES-2026-10148,Yahvi Sunder,06749855874,UBOI662087258,WhatsApp,Cheque deposited 7 days ago has still not been cleared.,Branch Service,Low,Frustrated,Resolved,2026-05-07 20:11,72,11.0,False,Dhruv Gill,Nashik Road
RES-2026-10149,Keya Bhalla,+916400591925,UBOI782546314,WhatsApp,My debit card got blocked without any reason. Please unblock it.,ATM / Debit Card,High,Frustrated,In Progress,2026-04-02 19:55,24,,True,Chatura Ravi,Kolhapur
RES-2026-10150,Diya Patil,01835138582,UBOI912477810,Email,I applied for a personal loan 2 weeks ago and have received no response.,Loan / EMI,Medium,Angry,In Progress,2026-04-16 10:49,48,,True,Kala Naik,Nashik Road
RES-2026-10151,Sarthak Naik,04113215134,UBOI295719504,WhatsApp,I am unable to login to mobile banking app. Getting invalid credentials error.,Net Banking / Mobile App,Medium,Frustrated,In Progress,2026-05-24 21:44,48,,False,Bhavani Narain,Bandra East
RES-2026-10152,Qadim Subramanian,04600400950,UBOI432941445,Email,Card declined at merchant even though I have sufficient balance.,ATM / Debit Card,Medium,Angry,Open,2026-04-03 13:56,48,,True,,Kolhapur
RES-2026-10153,Kavya Chacko,08243801842,UBOI495157577,WhatsApp,My credit card details were stolen and used for online shopping.,Fraud / Unauthorized Transaction,High,Frustrated,Open,2026-05-12 17:17,24,,True,,Kolhapur
RES-2026-10154,Harish Basak,1524278801,UBOI956084565,WhatsApp,Joint account holder removed without my authorization.,Account / KYC,Critical,Angry,In Progress,2026-04-12 22:44,4,,True,Ayush Kakar,Nagpur Central
RES-2026-10155,Mitesh Barman,+912925308151,UBOI452101316,WhatsApp,Card declined at merchant even though I have sufficient balance.,ATM / Debit Card,Medium,Concerned,Open,2026-04-12 16:20,48,,True,,Nagpur Central
RES-2026-10156,Zayyan Bansal,8415112224,UBOI760191749,Email,Pre-payment charges are being applied even though I opted for a floating rate loan.,Loan / EMI,Medium,Frustrated,Resolved,2026-04-23 21:02,48,46.0,False,Rushil Nagar,Kolhapur
RES-2026-10157,Yashoda Mangal,3663278488,UBOI905196831,Web Form,Home loan sanction letter not received even after 30 days of application.,Loan / EMI,Critical,Angry,In Progress,2026-05-11 19:23,4,,True,Lohit Kaul,Bandra East
RES-2026-10158,Ayaan Bumb,02933932177,UBOI493342201,Web Form,Unable to withdraw cash from ATM. Transaction failed but amount got deducted.,ATM / Debit Card,High,Frustrated,Escalated,2026-04-09 09:15,24,,True,Charvi Patla,Nashik Road
RES-2026-10159,Aditya Baral,5950136923,UBOI247848992,WhatsApp,My account was opened without my consent. Please investigate.,Account / KYC,Low,Frustrated,Resolved,2026-04-24 18:28,72,74.0,True,Pavani Sekhon,Nashik Road
RES-2026-10160,Yuvraj Ravi,1689846610,UBOI703091482,Email,Wrong name spelling on my passbook and debit card.,Account / KYC,Low,Angry,Escalated,2026-05-18 12:31,72,,True,Hemang Sandal,Pune Camp
RES-2026-10161,Abhiram Jani,+910742819454,UBOI179512774,Email,I applied for a personal loan 2 weeks ago and have received no response.,Loan / EMI,Low,Frustrated,Open,2026-05-15 22:12,72,,True,,Aurangabad
RES-2026-10162,Arunima Pandya,06511310310,UBOI682152066,WhatsApp,UPI payment failed but money got debited. Please refund immediately.,Net Banking / Mobile App,Low,Frustrated,Open,2026-04-21 18:45,72,,True,,Nagpur Central
RES-2026-10163,Ranbir Dhar,6342071559,UBOI315801027,Email,Loan statement shows incorrect outstanding amount.,Loan / EMI,Critical,Frustrated,Open,2026-05-21 18:32,4,,True,,Bandra East
RES-2026-10164,Girindra Menon,+919024274252,UBOI432098383,WhatsApp,Unable to register for mobile banking. OTP is not being received.,Net Banking / Mobile App,Medium,Frustrated,Resolved,2026-05-22 11:39,48,9.0,False,Upadhriti Narula,Kolhapur
RES-2026-10165,Christopher Barman,+919017073186,UBOI583156434,WhatsApp,Staff refused to help elderly customer with basic banking needs.,Branch Service,Medium,Frustrated,Resolved,2026-05-07 09:08,48,10.0,False,Odika Naidu,Aurangabad
RES-2026-10166,Isaiah Bhasin,+912680037823,UBOI639945876,WhatsApp,NEFT was submitted at branch but money has not reached beneficiary.,Branch Service,High,Neutral,Resolved,2026-05-11 12:49,24,28.0,True,Daksh Date,Andheri West
RES-2026-10167,Urishilla Madan,+919729734454,UBOI404994549,WhatsApp,My debit card got blocked without any reason. Please unblock it.,ATM / Debit Card,Low,Angry,Resolved,2026-05-16 14:22,72,67.0,False,Zayan Arora,Pune Camp
RES-2026-10168,Leela Gulati,0452339357,UBOI735449477,Email,Loan statement shows incorrect outstanding amount.,Loan / EMI,Medium,Angry,Escalated,2026-04-20 09:32,48,,True,Girindra Sangha,Bandra East
RES-2026-10169,Upasna Lala,+917115893235,UBOI187212377,Email,UPI payment failed but money got debited. Please refund immediately.,Net Banking / Mobile App,Critical,Angry,Escalated,2026-05-07 08:52,4,,True,Samarth Seth,Andheri West
RES-2026-10170,Amruta Date,04727001103,UBOI411032572,WhatsApp,NEFT was submitted at branch but money has not reached beneficiary.,Branch Service,Low,Frustrated,Resolved,2026-05-10 07:31,72,70.0,False,Atharv Gade,Nagpur Central
RES-2026-10171,Balhaar Soni,1411840465,UBOI619960692,Web Form,KYC documents were submitted 3 weeks ago but account is still restricted.,Account / KYC,High,Angry,In Progress,2026-04-05 08:10,24,,True,Lekha Din,Aurangabad
RES-2026-10172,Charan Pall,2961108973,UBOI497864507,Email,Net banking session keeps timing out in the middle of transactions.,Net Banking / Mobile App,Medium,Neutral,Open,2026-05-17 18:25,48,,True,,Pune Camp
RES-2026-10173,Nisha Murthy,9084310511,UBOI366578178,WhatsApp,Loan statement shows incorrect outstanding amount.,Loan / EMI,Medium,Angry,Resolved,2026-04-07 08:18,48,54.0,True,Advay Bains,Bandra East
RES-2026-10174,Owen Palla,04882762627,UBOI124885365,Email,My CIBIL score was incorrectly updated by the bank showing loan default.,Loan / EMI,Low,Angry,Resolved,2026-05-03 21:31,72,64.0,False,Mohini Batra,Pune Camp
RES-2026-10175,Patrick Swaminathan,+913798737415,UBOI802506364,WhatsApp,My account was opened without my consent. Please investigate.,Account / KYC,Low,Frustrated,In Progress,2026-04-04 08:18,72,,True,Fitan Kala,Aurangabad
RES-2026-10176,Mahika Luthra,7436680828,UBOI148578655,WhatsApp,My CIBIL score was incorrectly updated by the bank showing loan default.,Loan / EMI,Low,Angry,In Progress,2026-04-17 18:48,72,,True,Deepa Swamy,Kolhapur
RES-2026-10177,Jagdish Jain,02569977876,UBOI986171278,Email,My debit card got blocked without any reason. Please unblock it.,ATM / Debit Card,Medium,Angry,In Progress,2026-04-25 21:48,48,,True,Eiravati Butala,Pune Camp
RES-2026-10178,Lakshit Nair,00742051013,UBOI530986098,WhatsApp,I am unable to login to mobile banking app. Getting invalid credentials error.,Net Banking / Mobile App,High,Angry,Escalated,2026-04-24 11:12,24,,True,Neel Nath,Andheri West
RES-2026-10179,Bhanumati Kapadia,+915150023751,UBOI452150647,WhatsApp,My ATM card was swallowed by the machine and cash was debited but not dispensed.,ATM / Debit Card,Medium,Frustrated,Resolved,2026-04-30 11:38,48,18.0,False,Gayathri Kar,Nashik Road
RES-2026-10180,Manya Sathe,+919765191967,UBOI609912042,Web Form,Unable to register for mobile banking. OTP is not being received.,Net Banking / Mobile App,High,Angry,In Progress,2026-04-22 22:45,24,,True,Ekansh Wali,Andheri West
RES-2026-10181,Watika Chaudhary,03586155523,UBOI803935444,Email,I applied for a personal loan 2 weeks ago and have received no response.,Loan / EMI,Critical,Frustrated,In Progress,2026-05-21 07:38,4,,True,Lohit Narasimhan,Thane
RES-2026-10182,Janaki Khanna,9127768904,UBOI133898577,Email,Bank staff is extremely rude and unhelpful at the Andheri branch.,Branch Service,Low,Frustrated,Resolved,2026-05-10 19:09,72,32.0,False,Anthony Gupta,Pune Camp
RES-2026-10183,Jagrati Shere,1535290766,UBOI890099255,WhatsApp,I am unable to login to mobile banking app. Getting invalid credentials error.,Net Banking / Mobile App,Medium,Frustrated,Resolved,2026-04-14 20:32,48,61.0,True,Yashoda Pradhan,Andheri West
RES-2026-10184,Bhavna Chakraborty,4583892532,UBOI672440825,WhatsApp,Cheque deposited 7 days ago has still not been cleared.,Branch Service,Medium,Concerned,Resolved,2026-05-01 19:20,48,59.0,True,Jairaj Talwar,Nashik Road
RES-2026-10185,Balhaar Bakshi,0785200404,UBOI420511037,Email,Multiple small transactions debited from my account which I did not authorize.,Fraud / Unauthorized Transaction,Critical,Angry,Open,2026-05-01 13:15,4,,True,,Thane
RES-2026-10186,Samar Buch,7568100058,UBOI393622794,Email,I applied for a personal loan 2 weeks ago and have received no response.,Loan / EMI,High,Frustrated,Resolved,2026-05-01 18:35,24,47.0,True,Qushi Amble,Nagpur Central
RES-2026-10187,Onveer Shenoy,+919469415095,UBOI145168545,Email,My debit card got blocked without any reason. Please unblock it.,ATM / Debit Card,Medium,Concerned,Resolved,2026-05-23 18:49,48,38.0,False,Ikbal Batra,Nagpur Central
RES-2026-10188,Devansh Varughese,02242510869,UBOI703462253,WhatsApp,Bank staff is extremely rude and unhelpful at the Andheri branch.,Branch Service,Medium,Angry,Resolved,2026-05-01 13:12,48,35.0,False,Nidhi Bala,Nagpur Central
RES-2026-10189,Alexander D’Alia,03597048354,UBOI207586738,Email,I am unable to login to mobile banking app. Getting invalid credentials error.,Net Banking / Mobile App,Medium,Angry,Open,2026-05-13 14:40,48,,True,,Kolhapur
RES-2026-10190,Simon Lad,+914366388564,UBOI610778600,WhatsApp,Home loan sanction letter not received even after 30 days of application.,Loan / EMI,High,Angry,Escalated,2026-05-06 12:26,24,,True,Gagan Tak,Aurangabad
RES-2026-10191,Udant Ben,0669237211,UBOI674615376,Email,Cheque deposited 7 days ago has still not been cleared.,Branch Service,Medium,Angry,In Progress,2026-04-04 09:41,48,,True,Vasudha Suresh,Andheri West
RES-2026-10192,Anmol Bava,06020911886,UBOI904236062,Web Form,Unable to register for mobile banking. OTP is not being received.,Net Banking / Mobile App,Low,Concerned,In Progress,2026-05-24 19:50,72,,False,Chandani Nath,Nagpur Central
RES-2026-10193,Orinder Gupta,+913683619839,UBOI662982736,WhatsApp,My ATM card was swallowed by the machine and cash was debited but not dispensed.,ATM / Debit Card,Medium,Concerned,Resolved,2026-04-22 16:29,48,70.0,True,Wazir Sane,Aurangabad
RES-2026-10194,Riya Bains,01319503010,UBOI299929730,WhatsApp,My transaction history is showing incorrect entries in net banking.,Net Banking / Mobile App,Low,Angry,In Progress,2026-04-11 21:41,72,,True,Jairaj Raval,Andheri West
RES-2026-10195,Oni Raja,02129815519,UBOI452108572,Email,Passbook update machine at branch has been non-functional for 2 weeks.,Branch Service,Medium,Neutral,In Progress,2026-04-12 19:52,48,,True,Lekha Pradhan,Pune Camp
RES-2026-10196,Damini Chander,05563197132,UBOI579678614,WhatsApp,Joint account holder removed without my authorization.,Account / KYC,Critical,Frustrated,In Progress,2026-04-16 07:16,4,,True,Zarna Kamdar,Nagpur Central
RES-2026-10197,Chandran Garg,03476384144,UBOI599714064,Email,I applied for a personal loan 2 weeks ago and have received no response.,Loan / EMI,Medium,Angry,Escalated,2026-04-24 14:03,48,,True,Bhavini Hegde,Nagpur Central
RES-2026-10198,Lekha Naidu,+915702833575,UBOI416794215,Email,Unable to register for mobile banking. OTP is not being received.,Net Banking / Mobile App,Critical,Concerned,Open,2026-05-20 16:44,4,,True,,Nashik Road
RES-2026-10199,Mason Barad,3988995741,UBOI813065972,WhatsApp,"I received a phishing call and my account was debited Rs 12,000 fraudulently.",Fraud / Unauthorized Transaction,Critical,Frustrated,In Progress,2026-04-27 22:48,4,,True,Balhaar Natarajan,Thane
RES-2026-10200,George Kadakia,07197725439,UBOI166312199,Email,UPI payment failed but money got debited. Please refund immediately.,Net Banking / Mobile App,High,Angry,Resolved,2026-04-29 18:04,24,8.0,False,Odika Setty,Thane
